[{"Id":1,"Name":"Test10","Url":"https://demonslayer-anime.com/","Category":"Test"},{"Id":2,"Name":"XBOX_SERIE_X","Url":"https://www.xbox.com/fr-CA/consoles/xbox-series-x","Category":"Jeux"},{"Id":3,"Name":"DEMON_SLAYER","Url":"https://demonslayer-anime.com/","Category":"Film"},{"Id":4,"Name":"Test","Url":"https://demonslayer-anime.com/","Category":"Test"},{"Id":5,"Name":"Test10","Url":"https://demonslayer-anime.com/","Category":"Test"},{"Id":6,"Name":"Test3","Url":"https://demonslayer-anime.com/","Category":"Test"},{"Id":7,"Name":"Test10","Url":"https://demonslayer-anime.com/","Category":"Test"},{"Id":8,"Name":"Test10","Url":"https://demonslayer-anime.com/","Category":" "},{"Id":9,"Name":"Test10","Url":"https://demonslayer-anime.com/","Category":" "},{"Id":10,"Name":"Test10","Url":"https://demonslayer-anime.com/","Category":" "}]